Topic,Question,App answers it?,Note,Google search
Avoiding debt,Does unpaid debt go away after 7 years?,No,Out of scope (avoiding repayment),debt payoff planner
Avoiding debt,How do I clear my debt without paying?,No,Out of scope (avoiding repayment),debt payoff planner
Credit scores,How rare is a 825 credit score?,No,Credit scores not covered,debt payoff planner
Credit scores,Is a 559 credit score bad?,No,Credit scores not covered,what debt to pay off first australia
Credit scores,What are the 5 C's of debt?,No,Credit scores not covered,debt payoff planner
Credit scores,What are the 7 Ps in credit?,No,Credit scores not covered,debt payoff planner
Credit scores,What brings up your credit score the most?,No,Credit scores not covered,debt payoff planner
Credit scores,What brings your credit score up the fastest?,No,Credit scores not covered,what debt to pay off first australia
Credit scores,What is the biggest killer of credit scores?,No,Credit scores not covered,debt payoff planner
Credit scores,What is the lowest credit score in history?,No,Credit scores not covered,what debt to pay off first australia
Credit scores,What's the worst credit score you can have?,No,Credit scores not covered,debt payoff planner
Good vs bad debt,What are 5 examples of good debt?,Partly,"Debt tiers shown, not explained as good or bad",debt payoff planner
Good vs bad debt,What are the worst types of debt to have?,Partly,"Debt tiers shown, not explained as good or bad",debt payoff planner
Good vs bad debt,What's the worst debt you can have?,Partly,"Debt tiers shown, not explained as good or bad",debt payoff planner
How long,"How long does it take to pay off $10,000 in credit card debt?",Yes,Payoff date per debt,debt payoff planner
How long,"How long does it take to pay off $100,000 in debt?",Yes,Payoff date per debt,debt payoff planner
How long,"How long will it take to pay off $20,000 in debt?",Yes,Payoff date per debt,debt payoff planner
How long,"How long will it take to pay off $30,000 in debt?",Yes,Payoff date per debt,debt payoff planner
How long,"How long would it take to pay off $100,000 in debt?",Yes,Payoff date per debt,debt payoff planner
Is my debt a lot?,"Is $100,000 in credit card debt bad?",Partly,Shows whether it is manageable on your income; no benchmark,debt payoff planner
Is my debt a lot?,"Is $100,000 in debt a lot?",Partly,Shows whether it is manageable on your income; no benchmark,debt payoff planner
Is my debt a lot?,"Is $15,000 credit card debt a lot?",Partly,Shows whether it is manageable on your income; no benchmark,what debt to pay off first australia
Is my debt a lot?,"Is $20,000 a lot of debt?",Partly,Shows whether it is manageable on your income; no benchmark,debt payoff planner
Is my debt a lot?,"Is $20,000 in credit card debt a lot?",Partly,Shows whether it is manageable on your income; no benchmark,debt payoff planner
Is my debt a lot?,"Is $25,000 a lot of debt?",Partly,Shows whether it is manageable on your income; no benchmark,debt payoff planner
Is my debt a lot?,"Is $25,000 considered a lot of debt?",Partly,Shows whether it is manageable on your income; no benchmark,debt payoff planner
Is my debt a lot?,"Is $25,000 in credit card debt a lot?",Partly,Shows whether it is manageable on your income; no benchmark,debt payoff planner
Is my debt a lot?,"Is $25,000 in credit card debt bad?",Partly,Shows whether it is manageable on your income; no benchmark,debt payoff planner
Is my debt a lot?,"Is $30,000 in credit card debt a lot?",Partly,Shows whether it is manageable on your income; no benchmark,debt payoff planner
Is my debt a lot?,"Is $35,000 in credit card debt a lot?",Partly,Shows whether it is manageable on your income; no benchmark,debt payoff planner
Is my debt a lot?,"Is $40,000 in credit card debt a lot?",Partly,Shows whether it is manageable on your income; no benchmark,debt payoff planner
Is my debt a lot?,"Is $50,000 considered a lot of debt?",Partly,Shows whether it is manageable on your income; no benchmark,debt payoff planner
Is my debt a lot?,"Is 40,000 credit card debt bad?",Partly,Shows whether it is manageable on your income; no benchmark,what debt to pay off first australia
Is my debt a lot?,"Is 40,000 debt bad?",Partly,Shows whether it is manageable on your income; no benchmark,debt payoff planner
Is my debt a lot?,How bad is 30k in credit card debt?,Partly,Shows whether it is manageable on your income; no benchmark,debt payoff planner
Is my debt a lot?,How much debt is considered severe?,Partly,Shows whether it is manageable on your income; no benchmark,what debt to pay off first australia
Is my debt a lot?,How much debt is too much warning signs?,Partly,Shows whether it is manageable on your income; no benchmark,what debt to pay off first australia
Is my debt a lot?,How much is too much in debt?,Partly,Shows whether it is manageable on your income; no benchmark,debt payoff planner
Is my debt a lot?,Is being 50k in debt bad?,Partly,Shows whether it is manageable on your income; no benchmark,debt payoff planner
Is my debt a lot?,Is having 10k in debt bad?,Partly,Shows whether it is manageable on your income; no benchmark,what debt to pay off first australia
Is my debt a lot?,What is an alarming amount of credit card debt?,Partly,Shows whether it is manageable on your income; no benchmark,debt payoff planner
Is my debt a lot?,What is considered too much debt?,Partly,Shows whether it is manageable on your income; no benchmark,debt payoff planner
Is my debt a lot?,What's considered too much debt?,Partly,Shows whether it is manageable on your income; no benchmark,debt payoff planner
Lump sum,Is it smart to immediately pay off credit card debt?,Partly,Buffer-first rule answers it indirectly,debt payoff planner
Lump sum,Is it smart to pay off debt all at once?,Partly,Buffer-first rule answers it indirectly,debt payoff planner
Lump sum,Should I pay off all my credit card debt at once?,Partly,Buffer-first rule answers it indirectly,debt payoff planner
Lump sum,Should I pay off all my debt at once?,Partly,Buffer-first rule answers it indirectly,debt payoff planner
Mortgage,At what age do Australians typically pay off their mortgage?,No,Home loans not modelled,what debt to pay off first australia
Mortgage,At what age do most people pay off a mortgage?,No,Home loans not modelled,debt payoff planner
Mortgage,At what age should you pay off your mortgage?,No,Home loans not modelled,what debt to pay off first australia
Mortgage,How do I pay off my 30 year loan in 15 years?,No,Home loans not modelled,debt payoff planner
Mortgage,What age do most people have their house paid off?,No,Home loans not modelled,what debt to pay off first australia
Mortgage,What is considered too much debt for a mortgage?,No,Home loans not modelled,what debt to pay off first australia
Mortgage,What looks bad on bank statements for a mortgage?,No,Home loans not modelled,what debt to pay off first australia
Pay off fast / strategy,"How can I pay off $10,000 in debt quickly?",Yes,Plan with dates,debt payoff planner
Pay off fast / strategy,"How can I pay off my $23,000 credit card debt quickly and comfortably?",Yes,Plan with dates,debt payoff planner
Pay off fast / strategy,"How to pay off $100,000 in debt?",Yes,Plan with dates,debt payoff planner
Pay off fast / strategy,"How to pay off $20,000 in debt fast?",Yes,Plan with dates,debt payoff planner
Pay off fast / strategy,"How to pay off $80,000 in debt?",Yes,Plan with dates,debt payoff planner
Pay off fast / strategy,"What is the fastest way to pay off $25,000 in credit card debt?",Yes,Plan with dates,debt payoff planner
Pay off fast / strategy,"What is the fastest way to pay off $40,000 in debt?",Yes,Plan with dates,debt payoff planner
Pay off fast / strategy,"What to do if you have $30,000 in credit card debt?",Yes,Plan with dates,what debt to pay off first australia
Pay off fast / strategy,How can I get out of debt quickly?,Yes,Plan with dates,debt payoff planner
Pay off fast / strategy,How to aggressively pay off debt?,Yes,Plan with dates,debt payoff planner
Pay off fast / strategy,What is the best debt payoff planner?,Yes,Plan with dates,debt payoff planner
Pay off fast / strategy,What is the best debt payoff strategy?,Yes,Plan with dates,debt payoff planner
Pay off fast / strategy,What is the fastest debt payoff method?,Yes,Plan with dates,debt payoff planner
Pay off fast / strategy,What is the smartest way to pay off debt?,Yes,Plan with dates,debt payoff planner
Pay off fast / strategy,What to do if you're 50k in debt?,Yes,Plan with dates,debt payoff planner
Pay off fast / strategy,What's the smartest way to pay off debt?,Yes,Plan with dates,debt payoff planner
Pay off in X time,"How can I pay $10,000 debt in 6 months?",Partly,Shows payoff date; no target-date mode yet,debt payoff planner
Pay off in X time,"How to clear $30,000 debt in a year?",Partly,Shows payoff date; no target-date mode yet,debt payoff planner
Pay off in X time,"How to pay off $10,000 credit card debt in 6 months?",Partly,Shows payoff date; no target-date mode yet,debt payoff planner
Pay off in X time,"How to pay off $25,000 in 1 year?",Partly,Shows payoff date; no target-date mode yet,debt payoff planner
Pay off in X time,"How to pay off $30,000 in debt in 1 year?",Partly,Shows payoff date; no target-date mode yet,debt payoff planner
Pay off in X time,"How to pay off $30,000 in debt in 2 years?",Partly,Shows payoff date; no target-date mode yet,debt payoff planner
Pay off in X time,"How to pay off $40,000 in debt in 2 years?",Partly,Shows payoff date; no target-date mode yet,debt payoff planner
Pay off in X time,"How to pay off $50,000 in debt in 1 year?",Partly,Shows payoff date; no target-date mode yet,debt payoff planner
Pay off in X time,"Is it possible to pay off $30,000 of credit card debt in one year?",Partly,Shows payoff date; no target-date mode yet,debt payoff planner
Pay off in X time,How to pay off $100k in debt in 5 years?,Partly,Shows payoff date; no target-date mode yet,debt payoff planner
Stats & benchmarks,"How many people have $50,000 in credit card debt?",No,"Statistics or opinion, not a planning question",debt payoff planner
Stats & benchmarks,At what age are most people debt free?,No,"Statistics or opinion, not a planning question",what debt to pay off first australia
Stats & benchmarks,At what age do most people get out of debt?,No,"Statistics or opinion, not a planning question",debt payoff planner
Stats & benchmarks,At what age should I be debt free?,No,"Statistics or opinion, not a planning question",debt payoff planner
Stats & benchmarks,At what age should you be financially free?,No,"Statistics or opinion, not a planning question",what debt to pay off first australia
Stats & benchmarks,Do millionaires pay off debt or invest?,No,"Statistics or opinion, not a planning question",what debt to pay off first australia
Stats & benchmarks,How many bills does an average person have?,No,"Statistics or opinion, not a planning question",what debt to pay off first australia
Stats & benchmarks,How much debt does a normal person have?,No,"Statistics or opinion, not a planning question",what debt to pay off first australia
Stats & benchmarks,How much debt does the average aussie have?,No,"Statistics or opinion, not a planning question",what debt to pay off first australia
Stats & benchmarks,How much debt is normal at 35?,No,"Statistics or opinion, not a planning question",debt payoff planner
Stats & benchmarks,How much debt is normal at 50?,No,"Statistics or opinion, not a planning question",what debt to pay off first australia
Stats & benchmarks,How much debt is normal for a 40 year old?,No,"Statistics or opinion, not a planning question",what debt to pay off first australia
Stats & benchmarks,How much debt is normal to have?,No,"Statistics or opinion, not a planning question",debt payoff planner
Stats & benchmarks,How much is a normal person in debt?,No,"Statistics or opinion, not a planning question",what debt to pay off first australia
Stats & benchmarks,How rare is it to have no debt?,No,"Statistics or opinion, not a planning question",what debt to pay off first australia
Stats & benchmarks,Is life better without debt?,No,"Statistics or opinion, not a planning question",what debt to pay off first australia
Stats & benchmarks,Is spending $300 a month a lot?,No,"Statistics or opinion, not a planning question",what debt to pay off first australia
Stats & benchmarks,What are the biggest wastes of money?,No,"Statistics or opinion, not a planning question",what debt to pay off first australia
Stats & benchmarks,What bills do most people pay?,No,"Statistics or opinion, not a planning question",what debt to pay off first australia
Stats & benchmarks,What creates 90% of millionaires?,No,"Statistics or opinion, not a planning question",what debt to pay off first australia
Stats & benchmarks,What generation is most in debt?,No,"Statistics or opinion, not a planning question",what debt to pay off first australia
Stats & benchmarks,What is the average debt of a 55 year old?,No,"Statistics or opinion, not a planning question",what debt to pay off first australia
Stats & benchmarks,What is the average debt of a 65 year old?,No,"Statistics or opinion, not a planning question",debt payoff planner
Stats & benchmarks,What is the average household debt in Australia?,No,"Statistics or opinion, not a planning question",debt payoff planner
Stats & benchmarks,What's the average debt of a 50 year old?,No,"Statistics or opinion, not a planning question",debt payoff planner
Stats & benchmarks,What's the average household debt in Australia?,No,"Statistics or opinion, not a planning question",debt payoff planner
Stats & benchmarks,Which Aussie state has the most debt?,No,"Statistics or opinion, not a planning question",what debt to pay off first australia
Tools,Is debt payoff planner free?,Yes,Free tool,debt payoff planner
Tools,Is it possible to be debt-free at 45 years old?,Yes,Free tool,debt payoff planner
Tools,Is there a free debt payoff tracker available?,Partly,Plan only - no saved progress tracking,debt payoff planner
Which debt first,How to figure out what debt to pay off first?,Yes,Core ranking,what debt to pay off first australia
Which debt first,Is it better to pay off smallest debt or large debt first?,Partly,Uses highest-rate first; snowball not explained,what debt to pay off first australia
Which debt first,Should I pay off big debt or smallest debt first?,Partly,Uses highest-rate first; snowball not explained,what debt to pay off first australia
Which debt first,What debt should you not pay off?,Yes,Core ranking,debt payoff planner
Which debt first,What debts should I pay off first?,Yes,Core ranking,debt payoff planner
Which debt first,What is the smartest debt to pay off first?,Yes,Core ranking,what debt to pay off first australia
Which debt first,What type of debt should be paid off first?,Yes,Core ranking,what debt to pay off first australia
Which debt first,Which bills should I prioritize paying first?,Yes,Core ranking,what debt to pay off first australia
Windfall,"What is the smartest thing to do with $10,000?",No,No windfall planning,what debt to pay off first australia
